1,Amended Model Answer of Parivahan Up Nirikshak (Tech.) Exam-2023 (26-09-2024),26-09-2024,1727308800000,https://psc.cg.gov.in/pdf/Model_Answer/AMA_TSI2023_26092024.pdf
2,Model Answer of Parivahan Up Nirikshak (Tech.) Exam-2023 (04-09-2024),04-09-2024,1725408000000,https://psc.cg.gov.in/pdf/Model_Answer/MA_TSI2023_04092024.pdf
3,Amended Model Answer of State Service Prelims Exam-2023 (11-03-2024),11-03-2024,1710115200000,https://psc.cg.gov.in/pdf/Model_Answer/AMA_SSPE_2023_11032024.pdf
4,Model Answer of State Service Prelims Exam-2023 (16-02-2024),16-02-2024,1708041600000,https://psc.cg.gov.in/pdf/Model_Answer/MA_SSPE_2023_16022024.pdf
5,Model Answer of Civil Judge (Entry Level) Exam-2023 (04-09-2023),04-09-2024,1725408000000,https://psc.cg.gov.in/pdf/Model_Answer/MA_CJ_2023_04092023.pdf
6,Model Answer of Assistant Director Agriculture Exam-2023 (21-08-2023),21-08-2023,1692576000000,https://psc.cg.gov.in/pdf/Model_Answer/MA_ADA_2023_21082023.pdf
7,Model Answer of Assistant Director Technical [AYUSH] Exam-2023 (21-08-2023),21-08-2023,1692576000000,https://psc.cg.gov.in/pdf/Model_Answer/MA_ADT_2023_21082023.pdf
8,Model Answer of District Ayurveda Officer [AYUSH] Exam-2023 (21-08-2023),21-08-2023,1692576000000,https://psc.cg.gov.in/pdf/Model_Answer/MA_DAO_2023_21082023.pdf
9,Model Answer of Civil Judge (Entry Level) Exam-2022 (27-02-2023),27-02-2023,1677456000000,https://psc.cg.gov.in/pdf/Model_Answer/MA_CJ_2022_27022023.pdf
10,Model Answer of State Service (Prelims) Exam-2022(13-02-2023),13-02-2023,1676246400000,https://psc.cg.gov.in/pdf/Model_Answer/MA_SSPE_2022_13022023.pdf
11,"Model Answer of Scientific Officer (Biology, Physics, Chemistry) Exam-2022 (17-10-2022)",17-10-2022,1665964800000,https://psc.cg.gov.in/pdf/Model_Answer/MA_SO_2022_17102022.pdf
12,Model Answer of Casualty Medical Officer Exam-2022 (17-10-2022),17-10-2022,1665964800000,https://psc.cg.gov.in/pdf/Model_Answer/MA_CMO_2022_17102022.pdf
13,Model Answer of Peon (General Administration Dept. & CGPSC) Exam-2022 (27-09-2022),27-09-2022,1664236800000,https://psc.cg.gov.in/pdf/Model_Answer/MA_PEON_2022_27092022.pdf
14,Model Answer of Physiotherapist Exam-2022 (15-09-2022),15-09-2022,1663200000000,https://psc.cg.gov.in/pdf/Model_Answer/MA_physio_2022_15092022.pdf
15,Model Answer of Ayurveda Medical Officer Exam-2022 (15-09-2022),15-09-2022,1663200000000,https://psc.cg.gov.in/pdf/Model_Answer/MA_AMO_2022_15092022.pdf
16,Model Answer of State Engineering Service Exam-2021 (29-08-2022),29-08-2022,1661731200000,https://psc.cg.gov.in/pdf/Model_Answer/MA_SES_2021_29082022.pdf
17,Model Answer of Sahayak Kshetriya Privahan Adhikari & Parivahan Up Nirikshak (Tech.) Exam-2022 (15-07-2022),15-07-2022,1657843200000,https://psc.cg.gov.in/pdf/Model_Answer/MA_ARTO_TSI_2022_15072022.pdf
18,Model Answer of Boiler Inspector Exam-2022 (15-07-2022),15-07-2022,1657843200000,https://psc.cg.gov.in/pdf/Model_Answer/MA_BOI_2022_15072022.pdf
19,Model Answer of Dental Surgeon Exam-2022 (15-07-2022),15-07-2022,1657843200000,https://psc.cg.gov.in/pdf/Model_Answer/MA_DSS_2022_15072022.pdf
20,Model Answer of Homoeopathy Medical Officer Exam-2022 (15-07-2022),15-07-2022,1657843200000,https://psc.cg.gov.in/pdf/Model_Answer/MA_hmo_2022_15072022.pdf
21,Model Answer of Mining Officer & Assistant Geologist Exam-2022 & Deputy Superintendent of Police (Radio) Exam-2022 (01-07-2022),01-07-2022,1656633600000,https://psc.cg.gov.in/pdf/Model_Answer/MA_MO_AG_DSPR_2022_01072022.pdf
22,Model Answer of Assistant Research Officer Exam-2022 (25-06-2022),25-06-2022,1656115200000,https://psc.cg.gov.in/pdf/Model_Answer/MA_ARO_2022_25062022.pdf
23,Model Answer of Law Officer (Home Jail Dept.) Exam-2021 & Law Officer (CGPSC) Exam-2022 (05-05-2022),05-05-2022,1651708800000,https://psc.cg.gov.in/pdf/Model_Answer/MA_LAWH_LAWC_05052022.pdf
24,Model Answer of Assistant Director Handloom Exam-2021 & Assistant Registrar Exam-2022 (05-05-2022),05-05-2022,1651708800000,https://psc.cg.gov.in/pdf/Model_Answer/MA_ADH_AR_05052022.pdf
25,Model Answer of Pracharya Verg-1 & Verg-2 Exam-2021 (03-05-2022),03-05-2022,1651536000000,https://psc.cg.gov.in/pdf/Model_Answer/MA_p1p2_2021_03052022.pdf
26,"Model Answer of Assistant Director, Resham Exam-2021 (03-05-2022)",03-05-2022,1651536000000,https://psc.cg.gov.in/pdf/Model_Answer/MA_adr_2021_03052022.pdf
27,Model Answer of Scientific Officer (Chemistry) Exam -2022 (03-05-2022),03-05-2022,1651536000000,https://psc.cg.gov.in/pdf/Model_Answer/MA_soc_2022_03052022.pdf
28,"Model Answer of Assistant Director (Dept. of Planning, Economics & Statistics) Exam-2022 (03-05-2022)",03-05-2022,1651536000000,https://psc.cg.gov.in/pdf/Model_Answer/MA_adpes_2022_03052022.pdf
29,Model Answer of State Service (Prelims) Exam-2021(14-02-2022),14-02-2022,1644796800000,https://psc.cg.gov.in/pdf/Model_Answer/MA_SSPE_2021_14022022.pdf
30,Model Answer of Sahayak Jila Lok Abhiyojan Adhikari Exam- 2021 (13-12-2021),13-12-2021,1639353600000,https://psc.cg.gov.in/pdf/Model_Answer/MA_ADPPO_2021_13122021.pdf
31,Model Answer of CG Forest Service (Combined) Exam- 2020 (07-12-2021),07-12-2021,1638835200000,https://psc.cg.gov.in/pdf/Model_Answer/MA_CGFSE_2020_07122021.pdf
32,Model Answer of Veterinary Assistant Surgeon-2021(26-11-2021),26-11-2021,1637884800000,https://psc.cg.gov.in/pdf/Model_Answer/MA_VAS_2021_26112021.pdf
33,"Model Answer of Registrar, Deputy Registrar, Assistant Registrar Exam-2020, Assistant Director Public Relation (Hindi Medium) Exam -2021 & Registrar (College) Exam-2021-(26-08-2021)",26-08-2021,1629936000000,https://psc.cg.gov.in/pdf/Model_Answer/MA_RDRAR_ADJ_RC_26082021.pdf
34,Amended Model Answer of State Service (Prelims) Exam-2020-(14-03-2021),14-03-2021,1615680000000,https://psc.cg.gov.in/pdf/Model_Answer/AMA_SSPE_2020_14032021.pdf
35,Model Answer of State Service (Prelims) Exam-2020-(15-02-2021),15-02-2021,1613347200000,https://psc.cg.gov.in/pdf/Model_Answer/MA_SSPE_2020_15022021.pdf
34,Model Answer of State Engineering Service Exam-2020-(22-01-2021),22-01-2021,1611273600000,https://psc.cg.gov.in/pdf/Model_Answer/MA_SES_2020_22012021.pdf
35,Amended Model Answer of Assistant Professor (Higher Education Dept.) Exam-2019,18-01-2021,1610928000000,https://psc.cg.gov.in/pdf/Model_Answer/AMA_AP_2019/PN_AMA_AP_2019_18012021.pdf
,SUBJECT WISE AMENDED MODEL ANSWER- (18-01-2021),18-01-2021,1610928000000,https://psc.cg.gov.in/HTM/AMA_AP_2019.HTML
36,Amended Model Answer of Assistant Director Agriculture Exam-2020-(18-01-2021),18-01-2021,1610928000000,https://psc.cg.gov.in/pdf/Model_Answer/AMA_ADA_2020_18012021.pdf
37,Amended Model Answer of Insurance Medical Officer Exam-2020-(12-01-2021),12-01-2021,1610409600000,https://psc.cg.gov.in/pdf/Model_Answer/AMA_IMO_2020_12012021.pdf
38,"Amended Model Answer of Assistant Geo-Hydrologist, Assistant Geo-Physics, Assistant Geo-Chemist Exam-2020 (12-01-2021)",12-01-2021,1610409600000,https://psc.cg.gov.in/pdf/Model_Answer/AMA_AGH_AGP_AGC_2020_12012021.pdf
39,"Amended Model Answer of Assistant Director, Jansampark (English Medium) Exam-2020-(02-01-2021)",02-01-2021,1609545600000,https://psc.cg.gov.in/pdf/Model_Answer/AMA_ADJEM_2020_02012021.pdf
40,Final Amended Model Answer of State Service (Prelims) Exam-2019 (26-12-2020),26-12-2021,1640476800000,https://psc.cg.gov.in/pdf/Model_Answer/FAMA_SSPE_2019_26122020.pdf
41,Amended Model Answer of Civil Judge Exam-2020 (20-12-2020),20-12-2020,1608422400000,https://psc.cg.gov.in/pdf/Model_Answer/AMA_CJ_2020_20122020.pdf
42,Model Answer of Assistant Director Agriculture Exam-2020-(17-12-2020),17-12-2020,1608163200000,https://psc.cg.gov.in/pdf/Model_Answer/MA_ADA_2020_17122020.pdf
43,Model Answer of Insurance Medical Officer Exam-2020-(09-12-2020),09-12-2020,1607472000000,https://psc.cg.gov.in/pdf/Model_Answer/MA_IMO_2020_09122020.pdf
44,"Model Answer of Assistant Director, Jansampark (English Medium) Exam-2020-(02-12-2020)",02-12-2020,1606867200000,https://psc.cg.gov.in/pdf/Model_Answer/MA_ADJEM_2020_02122020.pdf
45,"Model Answer of Assistant Geo-Hydrologist, Assistant Geo-Physics, Assistant Geo-Chemist Exam-2020-(28-11-2020)",28-11-2020,1606521600000,https://psc.cg.gov.in/pdf/Model_Answer/MA_AGH_AGP_AGC_2020_28112020.pdf
46,Model Answer of Assistant Professor (Higher Education Dept.) Exam-2019-(24-11-2020),24-11-2020,1606176000000,https://psc.cg.gov.in/pdf/Model_Answer/MA_AP_2019_24112020.pdf
47,Model Answer of Assistant Professor (Higher Education Dept.) Exam-2019 -(19-11-2020),19-11-2020,1605744000000,https://psc.cg.gov.in/pdf/Model_Answer/MA_AP_2019_19112020.pdf
48,Model Answer of Civil Judge Exam-2020 ,12-11-2020,1605139200000,https://psc.cg.gov.in/pdf/Model_Answer/MA_CJ_2020_12112020.pdf
49,Amended Model Answer of State Service (Prelims) Exam-2019,29-05-2020,1590710400000,https://psc.cg.gov.in/pdf/Model_Answer/AMA_SSPE_2019.pdf
50,Model Answer of State Service (Prelims) Exam-2019,12-02-2020,1581465600000,https://psc.cg.gov.in/pdf/Model_Answer/MA_SSPE_2019.pdf
51,Amended Model Answer of Librarian and Sports Officer Exam-2019,,-2209161600000,https://psc.cg.gov.in/pdf/Model_Answer/AMA_Lib_SO_2019.pdf
52,Model Answer of Librarian and Sports Officer Exam-2019 ,,-2209161600000,https://psc.cg.gov.in/pdf/Model_Answer/MA_LSO_2019.pdf
,Online Objection Instruction,,-2209161600000,https://psc.cg.gov.in/pdf/Model_Answer/LSO_2019_Obj_Instruction.pdf
53,Question Paper-Librarian ,,-2209161600000,https://psc.cg.gov.in/pdf/Model_Answer/qp_librarian_2019.pdf
54,Question Paper-Sports Officer,,-2209161600000,https://psc.cg.gov.in/pdf/Model_Answer/qp_sports_officer_2019.pdf
55,"Amended Model Answer of Assistant Director (Planning, Economics, Statistics) Exam-2019",,-2209161600000,https://psc.cg.gov.in/pdf/Model_Answer/AMA_ADPES_2019.pdf
56,Amended Model Answer of Assistant Director Research Exam-2018,,-2209161600000,https://psc.cg.gov.in/pdf/Model_Answer/AMA_AD_R_2018.pdf
,"Amended Model Answer of Assistant Director (Survey, Planning) Exam-2018",,-2209161600000,https://psc.cg.gov.in/pdf/Model_Answer/AMA_AD_PS_2018.pdf
57,Model Answer of Assistant Director Research-2018 ,,-2209161600000,https://psc.cg.gov.in/pdf/Model_Answer/MA_ADR_2018.pdf
,Question Paper-Commerce ,,-2209161600000,https://psc.cg.gov.in/pdf/Model_Answer/QP_ADR2018_Commerce.pdf
58,Question Paper-Economics,,-2209161600000,https://psc.cg.gov.in/pdf/Model_Answer/QP_ADR2018_Economics.pdf
59,Question Paper-Geography,,-2209161600000,https://psc.cg.gov.in/pdf/Model_Answer/QP_ADR2018_Geography.pdf
60,Question Paper-Mathematics,,-2209161600000,https://psc.cg.gov.in/pdf/Model_Answer/QP_ADR2018_Mathematics.pdf
61,Question Paper-Social Science,,-2209161600000,https://psc.cg.gov.in/pdf/Model_Answer/QP_ADR2018_Social_Science.pdf
62,Question Paper-Statistics,,-2209161600000,https://psc.cg.gov.in/pdf/Model_Answer/QP_ADR2018_Statistics.pdf
63,"Model Answer of Assistant Director Survey 2018, Assistant Director Planning 2018,Assistant Director (Planning, Economics, Statistics) Exam-2019 ",,-2209161600000,https://psc.cg.gov.in/pdf/Model_Answer/MA_ADSURVEY18-ADPLANNING18_ADPES19.pdf
64,Question Paper (AD-Survey) 2018,,-2209161600000,https://psc.cg.gov.in/pdf/Model_Answer/QP_ADSURVEY2018.pdf
65,Question Paper (AD-Planning) 2018,,-2209161600000,https://psc.cg.gov.in/pdf/Model_Answer/QP_ADplanning2018.pdf
66,Question Paper (AD-PES) 2018,,-2209161600000,https://psc.cg.gov.in/pdf/Model_Answer/QP_AD_PES2019.pdf
67,Amended Model Answer of Peon/Dak Runner/Driver/Farrash (CGPSC) Exam-2018 ,,-2209161600000,https://psc.cg.gov.in/pdf/Model_Answer/AMA_CGPSC2_2018.pdf
68,Amended Model Answer of Civil Judge Exam-2019 ,,-2209161600000,https://psc.cg.gov.in/pdf/Model_Answer/AMA_CJ_2019.pdf
69,Amended Model Answer of Chief Municipal Officer (Varg 'Kha' & 'Ga') Exam- 2018 ,,-2209161600000,https://psc.cg.gov.in/pdf/Model_Answer/AMA_CMO_2018.pdf
70,Model Answer of Peon/Dak Runner/Driver/Farrash (CGPSC) Exam-2018 ,,-2209161600000,https://psc.cg.gov.in/pdf/Model_Answer/MA_CGPSC2_2018.pdf
,Model Answer of Civil Judge Exam-2019 ,,-2209161600000,https://psc.cg.gov.in/pdf/Model_Answer/MA_CJ_2019.pdf
71,Question Paper ,,-2209161600000,https://psc.cg.gov.in/pdf/Model_Answer/QP_CJ_2019.pdf
,Model Answer of Chief Municipal Officer (Varg 'Kha' & 'Ga') Exam- 2018 ,,-2209161600000,https://psc.cg.gov.in/pdf/Model_Answer/MA_CMO_2018.pdf
72,Amended Model Answer of Assistant Director Jansampark Exam- 2018 ,,-2209161600000,https://psc.cg.gov.in/pdf/Model_Answer/AMA_ADJ_2018.pdf
,Amended Model Answer of State Service (Prelims) Exam- 2018 ,,-2209161600000,https://psc.cg.gov.in/pdf/Model_Answer/AMA_SSPE_2018.pdf
,Model Answer of Assistant Director Jansampark Exam- 2018,,-2209161600000,https://psc.cg.gov.in/pdf/Model_Answer/MA_ADJ_2018.pdf
73,Question Paper ,,-2209161600000,https://psc.cg.gov.in/pdf/Model_Answer/QP_ADJ_2018.pdf
,Model Answer of State Service (Prelims) Exam- 2018 ,,-2209161600000,https://psc.cg.gov.in/pdf/Model_Answer/MA_SSPE_2018.pdf
74,Amended Model Answer of CG Forest Service (Combined) Exam- 2017 ,,-2209161600000,https://psc.cg.gov.in/pdf/Model_Answer/AMA_CGFSE_2017.pdf
75,Amended Model Answer of various posts of CGPSC Exam- 2018 and Astt. Grade-3 (CGPSC)-2015 (Exam Date-28th June 2018) ,,-2209161600000,https://psc.cg.gov.in/pdf/Model_Answer/AMA_CGPSC_2018_2015.pdf
76,Model Answer of Various Posts of Sports and Youth Welfare Dept.Exam- 2018 (Exam Date-29th July 2018) ,,-2209161600000,https://psc.cg.gov.in/pdf/Model_Answer/MA_YW_2018.pdf
77,QUESTION PAPER ,,-2209161600000,https://psc.cg.gov.in/pdf/Model_Answer/QP_AD_ADMIN_SO_2018.pdf
78,Model Answer of Youth Welfare Officer Exam- 2018 (Exam Date-10th July 2018) ,,-2209161600000,https://psc.cg.gov.in/pdf/Model_Answer/MA_YWO_2018.pdf
79,QUESTION PAPER ,,-2209161600000,https://psc.cg.gov.in/pdf/Model_Answer/QP_YWO_2018.pdf
80,Model Answer of various posts of CGPSC Exam- 2018 and Astt. Grade-3 (CGPSC)-2015 (Exam Date-28th June 2018) ,,-2209161600000,https://psc.cg.gov.in/pdf/Model_Answer/MA_CGPSC_2018_2015.pdf
81,1-QUESTION PAPER-LIBRARIAN & STORE KEEPER ,,-2209161600000,https://psc.cg.gov.in/pdf/Model_Answer/QP_CGPSC_2018_2015/LIB_SK_2018.pdf
82,"2-QUESTION PAPER-AG-3, STENO TYPIST, STENO GRAPHER GRADE-3 AND AG-3(BACKLOG) ",,-2209161600000,https://psc.cg.gov.in/pdf/Model_Answer/QP_CGPSC_2018_2015/AG3_ST_STENO3_2018.pdf
83,Amended Model Answer of State Service Exam (Prelims) - 2017 ,,-2209161600000,https://psc.cg.gov.in/pdf/Model_Answer/AMA_SSPE_2017.pdf
84,MODEL ANSWER OF STATE SERVICE (PRELIMS) EXAM-2017 (AS PER THE ORDER OF HON'BLE HIGH COURT DATED 15-05-2018 & 16-05-2018) ,,-2209161600000,https://psc.cg.gov.in/pdf/MODEL_ANSWER/SSPE_2017_MA_3561_3766.PDF
85,Model Answer of CG Forest Service (Combined) Exam- 2017 ,,-2209161600000,https://psc.cg.gov.in/pdf/Model_Answer/MA_CGFSE_2017.pdf
86,Amended Model Answer of Ayurved Medical Officer Exam -2017 (Exam Date-25th Jan 2018),,-2209161600000,https://psc.cg.gov.in/pdf/Model_Answer/AMA_AMO_2017.pdf
87,Model Answer of State Engineering Service Exam -2017 ,,-2209161600000,https://psc.cg.gov.in/pdf/Model_Answer/MA_SES_2017.pdf
88,QUESTION PAPER- GENERAL STUDIES ,,-2209161600000,https://psc.cg.gov.in/pdf/Model_Answer/QP_GS_SES_2017.pdf
88, QUESTION PAPER-CIVIL ENGINEERING,,-2209161600000,https://psc.cg.gov.in/pdf/Model_Answer/QP_CIVIL_ENGG_SES_2017.pdf
89, QUESTION PAPER-ELECTRICAL ENGINEERING ,,-2209161600000,https://psc.cg.gov.in/pdf/Model_Answer/QP_ELECT_ENGG_SES_2017.pdf
90,QUESTION PAPER-MECHANICAL ENGINEERING ,,-2209161600000,https://psc.cg.gov.in/pdf/Model_Answer/QP_MECH_ENGG_SES_2017.pdf
91,Amended Model Answer of Legal Officer and Registrar Exam -2017 ,,-2209161600000,https://psc.cg.gov.in/pdf/Model_Answer/AMA_LO_REG_2017.pdf
92,Model Answer of State Service Exam (Prelims) - 2017 ,,-2209161600000,https://psc.cg.gov.in/pdf/Model_Answer/MA_SSPE_2017.pdf
93,Model Answer of Ayurved Medical Officer Exam -2017 ,,-2209161600000,https://psc.cg.gov.in/pdf/Model_Answer/MA_AMO_2017.pdf
94,Question Paper (Exam Date-25th Jan 2018),,-2209161600000,https://psc.cg.gov.in/pdf/Model_Answer/QP_AMO_2017.pdf
95,Model Answer of Legal Officer and Registrar Exam -2017 ,,-2209161600000,https://psc.cg.gov.in/pdf/Model_Answer/MA_LO_REG_2017.pdf
96,Question Paper Legal Officer ,,-2209161600000,https://psc.cg.gov.in/pdf/Model_Answer/QP_LO_2017.pdf
97,Question Paper Registrar (Exam Date-22nd Dec 2017),,-2209161600000,https://psc.cg.gov.in/pdf/Model_Answer/QP_REG_2017.pdf
98,"Amended Model Answer of Astt. Director, Handloom Exam -2017 (Exam Date-18th Nov 2017)",,-2209161600000,https://psc.cg.gov.in/pdf/Model_Answer/AMEND_MA_ADH_2017.pdf
99,"Amended Model Answer of Homoeopathy Medical Officer Exam -2017, Lecturer (Mech. Engg.), Librarian (Exam Date-13th Oct 2017)",,-2209161600000,https://psc.cg.gov.in/pdf/Model_Answer/AMEND_MA_HMO_LECT_LIB_2017.pdf
100,"Model Answer of Astt. Director, Handloom Exam -2017 ",,-2209161600000,https://psc.cg.gov.in/pdf/Model_Answer/MA_ADh_2017.pdf
101,Question Paper (Exam Date-18th Nov 2017),,-2209161600000,https://psc.cg.gov.in/pdf/Model_Answer/QP_ADH_2017.pdf
102,"Amended Model Answer of Astt. Director, Sericulture Exam -2017 ",,-2209161600000,https://psc.cg.gov.in/pdf/Model_Answer/AMA_ADS_2017.pdf
103,Amended Model Answer of Librarian and Sports Officer Exam-2017,,-2209161600000,https://psc.cg.gov.in/pdf/Model_Answer/AMA_LIB_SO_2017.pdf
104,"Model Answer of Homoeopathy Medical Officer Exam -2017, Lecturer (Mech. Engg.), Librarian (Exam Date-13th Oct 2017) ",,-2209161600000,https://psc.cg.gov.in/pdf/Model_Answer/MA_13TH_OCT_2017.pdf
105,Question Paper(HMO-2017),,-2209161600000,https://psc.cg.gov.in/pdf/Model_Answer/QP_HMO_2017.pdf
106,Question Paper(Lecturer-2017),,-2209161600000,https://psc.cg.gov.in/pdf/Model_Answer/QP_lect_2017.pdf
107, Question Paper(Librarian-2017),,-2209161600000,https://psc.cg.gov.in/pdf/Model_Answer/QP_lib_2017.pdf
108,"Amended Model Answer of Scientific Officer (Chemistry), Scientific Officer (Botany) Exam -2017 (Exam Date-09th July 2017)",,-2209161600000,https://psc.cg.gov.in/pdf/Model_Answer/AMA_SO_CHEM_BOTA_2017.pdf
109,Amended Model Answer of Sahayak Jila Lok Abhiyojan Adhikari Exam -2017 (Exam Date-09th July 2017),,-2209161600000,https://psc.cg.gov.in/pdf/Model_Answer/AMA_ADPPO_2017.pdf
110,Amended Model Answer of Civil Judge(Entry Level) Exam-2017 ,,-2209161600000,https://psc.cg.gov.in/pdf/Model_Answer/AMA_CJP_2017.pdf
111,"Model Answer of Astt. Director, Sericulture Exam -2017 (Exam Date-23rd July 2017) ",,-2209161600000,https://psc.cg.gov.in/pdf/Model_Answer/MA_ADS_2017.pdf
,Question Paper,,-2209161600000,https://psc.cg.gov.in/pdf/Model_Answer/QP_ADS_2017.pdf
,Model Answer of Sahayak Jila Lok Abhiyojan Adhikari Exam -2017 (Exam Date-09th July 2017),,-2209161600000,https://psc.cg.gov.in/pdf/Model_Answer/MA_ADPPO_2017.pdf
,Question Paper,,-2209161600000,https://psc.cg.gov.in/pdf/Model_Answer/QP_ADPPO_2017.pdf
,"Model Answer of Librarian, Sports Officer & Scientific Officer (Chemistry), Scientific Officer (Botany) Exam -2017 (Exam Date-09th July 2017) ||NOTIFICATION|| Question Paper(Librarian)|| Question Paper (Sports Officer) || Question Paper(Scientific Officer- Chemistry)|| Question Paper (Scientific Officer- Botany)",,-2209161600000,https://psc.cg.gov.in/pdf/Model_Answer/MA_LIB_SO_SOC_SOB_2017.pdf
,NOTIFICATION,,-2209161600000,https://psc.cg.gov.in/pdf/Model_Answer/MA_LIB_SO_SOC_SOB_2017_NOTIFICATION.pdf
,Question Paper(Librarian),,-2209161600000,https://psc.cg.gov.in/pdf/Model_Answer/QP_Lib_2017.pdf
,Question Paper (Sports Officer) ,,-2209161600000,https://psc.cg.gov.in/pdf/Model_Answer/QP_SO_2017.pdf
,Question Paper(Scientific Officer- Chemistry,,-2209161600000,https://psc.cg.gov.in/pdf/Model_Answer/QP_SOC_2017.pdf
,Question Paper (Scientific Officer- Botany),,-2209161600000,https://psc.cg.gov.in/pdf/Model_Answer/QP_SOB_2017.pdf
,Model Answer of Civil Judge (Entry Level) Exam -2017 (Exam Date-25th June 2017) ,,-2209161600000,https://psc.cg.gov.in/pdf/Model_Answer/MA_CJP_2017.pdf
,Question Paper,,-2209161600000,https://psc.cg.gov.in/pdf/Model_Answer/QP_CJP_2017.pdf
,"Amended Model Answer of Astt. Professor, (English) Exam -2014 (Exam Date-26th March 2017)",,-2209161600000,https://psc.cg.gov.in/pdf/Model_Answer/AMA_AP_ENG_2014_26_03.pdf
,"Amended Model Answer of Astt. Director, Industry/Manager Exam -2016 ",,-2209161600000,https://psc.cg.gov.in/pdf/Model_Answer/AMA_ADIM_2016.pdf
,Model Answer of Astt. Professor (English) Exam -2014 (Exam Date-26th March 2017) || Question Paper,,-2209161600000,https://psc.cg.gov.in/pdf/Model_Answer/MA_APE_2014.pdf
,Question Paper,,-2209161600000,https://psc.cg.gov.in/pdf/Model_Answer/QP_ENGLISH_AP_2014_26th_March_2017.pdf
,Amended Model Answer of Various Posts Advertised for HFW Dept. (Exam Date -16th July 2016),,-2209161600000,https://psc.cg.gov.in/pdf/Model_Answer/AMEND_MA_MED1415_2.pdf
,Amended Model Answer of State Service Exam (Prelims) - 2016 ,,-2209161600000,https://psc.cg.gov.in/pdf/Model_Answer/AMA_SSPE2016.pdf
,"Model Answer of Astt. Director, Industry/Manager Exam -2016 ",,-2209161600000,https://psc.cg.gov.in/pdf/Model_Answer/MA_ADIM_2016.pdf
,Final Amended Model Answer of Civil Judge Exam-2016 ,,-2209161600000,https://psc.cg.gov.in/pdf/Model_Answer/Final_AMA_CJP2016.pdf
,Model Answer of State Service Exam (Prelims) - 2016 ,,-2209161600000,https://psc.cg.gov.in/pdf/Model_Answer/SSE2016_MA.pdf
,"Amended Model Answer of Assistant Director (Planning, Survey) Exam-2016 ",,-2209161600000,https://psc.cg.gov.in/pdf/Model_Answer/AMEND_MA_ADPS2016.pdf
112,Amended Model Answer of ARTO & TSI Exam-2016 ,,-2209161600000,https://psc.cg.gov.in/pdf/Model_Answer/AMEND_MA_ARTO2016.pdf
113,Amended Model Answer of Principal (Verg-2) Exam-2016 ,,-2209161600000,https://psc.cg.gov.in/pdf/Model_Answer/AMA_PG22016.pdf
114,Amended Model Answer of Civil Judge Exam-2016 ,,-2209161600000,https://psc.cg.gov.in/pdf/Model_Answer/AMA_CJP2016.pdf
115,Model Answer of ARTO & TSI Exam-2016 ,,-2209161600000,https://psc.cg.gov.in/pdf/Model_Answer/MA_ARTOTSI2016.pdf
116, Question Paper,,-2209161600000,https://psc.cg.gov.in/pdf/Model_Answer/QP_ARTOTSI2016.pdf
117,"Model Answer of Assistant Director (Planning, Survey) Exam-2016 ",,-2209161600000,https://psc.cg.gov.in/pdf/Model_Answer/MA_ADPS2016.pdf
118,Question Paper,,-2209161600000,https://psc.cg.gov.in/pdf/Model_Answer/QP_ADPS2016.pdf
119,Amended Model Answer of Assistant Professor Exam-2014 (Exam Date 28th Sep 2016),,-2209161600000,https://psc.cg.gov.in/pdf/Model_Answer/AMA_AP2014-2nd_Phase.pdf
,Amended Model Answer of Assistant Professor Exam-2014,,-2209161600000,https://psc.cg.gov.in/pdf/Model_Answer/AMA_AP2014.pdf
,Model Answer of Vayavhaar Nyayadhish (Entry Level) Exam-2016 || Question Paper,,-2209161600000,https://psc.cg.gov.in/pdf/Model_Answer/MA_CJ2016.pdf
,Question Paper,,-2209161600000,https://psc.cg.gov.in/pdf/Model_Answer/QP_CJ2016.pdf
,Amended Model Answer of State Engineering Service Exam-2016,,-2209161600000,https://psc.cg.gov.in/pdf/Model_Answer/AMEND_MA_SES2016.pdf
,Model Answer of Astt. Professor Exam-2014 (Exam Date - 28th Sep 2016),,-2209161600000,https://psc.cg.gov.in/pdf/Model_Answer/MA_AP2014_2.pdf
,1. ENGLISH,,-2209161600000,https://psc.cg.gov.in/pdf/Model_Answer/QP2ndphase/QP_AP2014/AP01.pdf
,2. PHYSICS,,-2209161600000,https://psc.cg.gov.in/pdf/Model_Answer/QP2ndphase/QP_AP2014/AP02.pdf
,3. POLITICAL SCIENCE,,-2209161600000,https://psc.cg.gov.in/pdf/Model_Answer/QP2ndphase/QP_AP2014/AP03.pdf
,4. HINDI,,-2209161600000,https://psc.cg.gov.in/pdf/Model_Answer/QP2ndphase/QP_AP2014/AP04.pdf
,5. SANSKRIT,,-2209161600000,https://psc.cg.gov.in/pdf/Model_Answer/QP2ndphase/QP_AP2014/AP05.pdf
120,6. MICROBIOLOGY,,-2209161600000,https://psc.cg.gov.in/pdf/Model_Answer/QP2ndphase/QP_AP2014/AP06.pdf
,7. HOME SCIENCE,,-2209161600000,https://psc.cg.gov.in/pdf/Model_Answer/QP2ndphase/QP_AP2014/AP07.pdf
,8. COMMERCE,,-2209161600000,https://psc.cg.gov.in/pdf/Model_Answer/QP2ndphase/QP_AP2014/AP08.pdf
,9. CHEMISTRY,,-2209161600000,https://psc.cg.gov.in/pdf/Model_Answer/QP2ndphase/QP_AP2014/AP09.pdf
,10. MATHEMATICS,,-2209161600000,https://psc.cg.gov.in/pdf/Model_Answer/QP2ndphase/QP_AP2014/AP10.pdf
,11. ECONOMICS,,-2209161600000,https://psc.cg.gov.in/pdf/Model_Answer/QP2ndphase/QP_AP2014/AP11.pdf
,12. HISTORY,,-2209161600000,https://psc.cg.gov.in/pdf/Model_Answer/QP2ndphase/QP_AP2014/AP12.pdf
,13. BOTANY,,-2209161600000,https://psc.cg.gov.in/pdf/Model_Answer/QP2ndphase/QP_AP2014/AP13.pdf
,14. ZOOLOGY,,-2209161600000,https://psc.cg.gov.in/pdf/Model_Answer/QP2ndphase/QP_AP2014/AP14.pdf
,15. GEOGRAPHY,,-2209161600000,https://psc.cg.gov.in/pdf/Model_Answer/QP2ndphase/QP_AP2014/AP15.pdf
,16. SOCIOLOGY,,-2209161600000,https://psc.cg.gov.in/pdf/Model_Answer/QP2ndphase/QP_AP2014/AP16.pdf
,17. GEOLOGY,,-2209161600000,https://psc.cg.gov.in/pdf/Model_Answer/QP2ndphase/QP_AP2014/AP19.pdf
,18. BIOTECHNOLOGY,,-2209161600000,https://psc.cg.gov.in/pdf/Model_Answer/QP2ndphase/QP_AP2014/AP23.pdf
,19. LAW,,-2209161600000,https://psc.cg.gov.in/pdf/Model_Answer/QP2ndphase/QP_AP2014/AP27.pdf
121,Amended Model Answer of Various Posts Advertised for HFW Dept. (Exam Date -16th July 2016),,-2209161600000,https://psc.cg.gov.in/pdf/Model_Answer/AMEND_MA_MED1415.pdf
122,Model Answer of Principal (Verg-2) Exam-2016|| Question Paper,,-2209161600000,https://psc.cg.gov.in/pdf/Model_Answer/MA_PG2_2016.pdf
,Question Paper,,-2209161600000,https://psc.cg.gov.in/pdf/Model_Answer/QP_PG2_2016.pdf
,Amended Model Answer of CG Forest Service (Combined )Exam-2016,,-2209161600000,https://psc.cg.gov.in/pdf/Model_Answer/AMA_CGFSE2016.pdf
,Model Answer of State Engineering Service Exam-2016,,-2209161600000,https://psc.cg.gov.in/pdf/Model_Answer/MA_SES2016.pdf
,Amended Model Answer of Various Posts Advertised for DTE (Exam Date -17th July 2016),,-2209161600000,https://psc.cg.gov.in/pdf/Model_Answer/Amend_MA_DTE2015.pdf
,Model Answer of CG Forest Service (Combined )Exam-2016,,-2209161600000,https://psc.cg.gov.in/pdf/Model_Answer/MA_CGFSE2016.pdf
,Amended Model Answer of Astt. Professor (Engg. College) & Lecturer (Polytechnic) Exam-2015 ,,-2209161600000,https://psc.cg.gov.in/pdf/Model_Answer/AMEND_MA_APL2015.pdf
,Model Answer of Various Posts Advertised for DTE (Exam Date -17th July 2016),,-2209161600000,https://psc.cg.gov.in/pdf/Model_Answer/MA_DTE2015.pdf
,1. Asst. Workshop Superintendent ,,-2209161600000,https://psc.cg.gov.in/pdf/Model_Answer/QP_DTE2015/AWS.pdf
,2. Training & Placement Officer,,-2209161600000,https://psc.cg.gov.in/pdf/Model_Answer/QP_DTE2015/TPO.pdf
,3. Chemistry,,-2209161600000,https://psc.cg.gov.in/pdf/Model_Answer/QP_DTE2015/Chemistry.pdf
,4. Electrical & Electronics,,-2209161600000,https://psc.cg.gov.in/pdf/Model_Answer/QP_DTE2015/EE.pdf
,5. English,,-2209161600000,https://psc.cg.gov.in/pdf/Model_Answer/QP_DTE2015/English.pdf
,6. Mathematics,,-2209161600000,https://psc.cg.gov.in/pdf/Model_Answer/QP_DTE2015/Mathematics.pdf
,7. Pharmacy,,-2209161600000,https://psc.cg.gov.in/pdf/Model_Answer/QP_DTE2015/Pharmacy.pdf
,8. Physics,,-2209161600000,https://psc.cg.gov.in/pdf/Model_Answer/QP_DTE2015/Physics.pdf
,Model Answer of Various Posts Advertised for HFW Dept. (Exam Date -16th July 2016),,-2209161600000,https://psc.cg.gov.in/pdf/Model_Answer/MA_MED1415.pdf
,1. AP Bioinformatics ,,-2209161600000,https://psc.cg.gov.in/pdf/Model_Answer/QP_HFW2014_15/AP_Bioinformatics.pdf
,2. AP Biotechnology & Jr SO Biochemistry ,,-2209161600000,https://psc.cg.gov.in/pdf/Model_Answer/QP_HFW2014_15/AP_Biotech_Jr_SO_Biochem.pdf
,3. AP Physiotherapy ,,-2209161600000,https://psc.cg.gov.in/pdf/Model_Answer/QP_HFW2014_15/AP_Physiotherapy.pdf
,4. Clinical and Child Psychology ,,-2209161600000,https://psc.cg.gov.in/pdf/Model_Answer/QP_HFW2014_15/Clinical_and_Child_Psychology.pdf
,5. Demonstrator Nursing ,,-2209161600000,https://psc.cg.gov.in/pdf/Model_Answer/QP_HFW2014_15/Demonstrator_Nursing.pdf
,6. Demonstrator Physiotherapy ,,-2209161600000,https://psc.cg.gov.in/pdf/Model_Answer/QP_HFW2014_15/Demonstrator_Physiotherapy.pdf
,7. Dental Surgeon ,,-2209161600000,https://psc.cg.gov.in/pdf/Model_Answer/QP_HFW2014_15/Dental_Surgeon.pdf
,8. PTI and Sport Officer ,,-2209161600000,https://psc.cg.gov.in/pdf/Model_Answer/QP_HFW2014_15/PTI_and_Sport_Officer.pdf
,9. SO Toxicology ,,-2209161600000,https://psc.cg.gov.in/pdf/Model_Answer/QP_HFW2014_15/SO_Toxicology.pdf
,10. Speech Pathologist Audologist Grade1 ,,-2209161600000,https://psc.cg.gov.in/pdf/Model_Answer/QP_HFW2014_15/Speech_Pathologist_AudologistGrade1.pdf
,11. Speech_Therapist_Speech_Pathologist_AudiologistGrade2 ,,-2209161600000,https://psc.cg.gov.in/pdf/Model_Answer/QP_HFW2014_15/Speech_Therapist_Speech_Pathologist_AudiologistGrade2.pdf
,Amended Model Answer of Vayavhaar Nyayadhish (Entry Level) Exam-2015,,-2209161600000,https://psc.cg.gov.in/pdf/Model_Answer/AMEND_MA_CJ2015.pdf
,Model Answer of Astt. Professor Exam-2014,,-2209161600000,https://psc.cg.gov.in/pdf/Model_Answer/MA_AP2014.pdf
123,1. ENGLISH,,-2209161600000,https://psc.cg.gov.in/pdf/Model_Answer/QP_AP2014/AP01.pdf
124,2. PHYSICS,,-2209161600000,https://psc.cg.gov.in/pdf/Model_Answer/QP_AP2014/AP02.pdf
125,3. POLITICAL SCIENCE,,-2209161600000,https://psc.cg.gov.in/pdf/Model_Answer/QP_AP2014/AP03.pdf
126,4. HINDI,,-2209161600000,https://psc.cg.gov.in/pdf/Model_Answer/QP_AP2014/AP04.pdf
127,5. SANSKRIT,,-2209161600000,https://psc.cg.gov.in/pdf/Model_Answer/QP_AP2014/AP05.pdf
128,6. MICROBIOLOGY,,-2209161600000,https://psc.cg.gov.in/pdf/Model_Answer/QP_AP2014/AP06.pdf
,7. HOME SCIENCE,,-2209161600000,https://psc.cg.gov.in/pdf/Model_Answer/QP_AP2014/AP07.pdf
,8. COMMERCE,,-2209161600000,https://psc.cg.gov.in/pdf/Model_Answer/QP_AP2014/AP08.pdf
,9. CHEMISTRY,,-2209161600000,https://psc.cg.gov.in/pdf/Model_Answer/QP_AP2014/AP09.pdf
,10. MATHEMATICS,,-2209161600000,https://psc.cg.gov.in/pdf/Model_Answer/QP_AP2014/AP10.pdf
,11. ECONOMICS,,-2209161600000,https://psc.cg.gov.in/pdf/Model_Answer/QP_AP2014/AP11.pdf
,12. HISTORY,,-2209161600000,https://psc.cg.gov.in/pdf/Model_Answer/QP_AP2014/AP12.pdf
,13. BOTANY,,-2209161600000,https://psc.cg.gov.in/pdf/Model_Answer/QP_AP2014/AP13.pdf
,14. ZOOLOGY,,-2209161600000,https://psc.cg.gov.in/pdf/Model_Answer/QP_AP2014/AP14.pdf
,15. GEOGRAPHY,,-2209161600000,https://psc.cg.gov.in/pdf/Model_Answer/QP_AP2014/AP15.pdf
,16. SOCIOLOGY,,-2209161600000,https://psc.cg.gov.in/pdf/Model_Answer/QP_AP2014/AP16.pdf
,17. TASER TECHNOLOGY,,-2209161600000,https://psc.cg.gov.in/pdf/Model_Answer/QP_AP2014/AP17.pdf
,18. SERICULTURE,,-2209161600000,https://psc.cg.gov.in/pdf/Model_Answer/QP_AP2014/AP18.pdf
,19. GEOLOGY,,-2209161600000,https://psc.cg.gov.in/pdf/Model_Answer/QP_AP2014/AP19.pdf
129,20. ANTHROLOGY,,-2209161600000,https://psc.cg.gov.in/pdf/Model_Answer/QP_AP2014/AP20.pdf
130,21. PSYCHOLOGY,,-2209161600000,https://psc.cg.gov.in/pdf/Model_Answer/QP_AP2014/AP21.pdf
131,22. COMPUTER SCIENCE,,-2209161600000,https://psc.cg.gov.in/pdf/Model_Answer/QP_AP2014/AP22.pdf
132,23. BIOTECHNOLOGY,,-2209161600000,https://psc.cg.gov.in/pdf/Model_Answer/QP_AP2014/AP23.pdf
133,24. SANSKRIT SAHITYA,,-2209161600000,https://psc.cg.gov.in/pdf/Model_Answer/QP_AP2014/AP24.pdf
134,25. INFORMATION TECHNOLOGY,,-2209161600000,https://psc.cg.gov.in/pdf/Model_Answer/QP_AP2014/AP25.pdf
135,26. COMPUTER APPLICATION,,-2209161600000,https://psc.cg.gov.in/pdf/Model_Answer/QP_AP2014/AP26.pdf
136,27. LAW,,-2209161600000,https://psc.cg.gov.in/pdf/Model_Answer/QP_AP2014/AP27.pdf
137,Model Answer of Astt. Professor (Engg. College) & Lecturer (Polytechnic) Exam-2015,,-2209161600000,https://psc.cg.gov.in/pdf/Model_Answer/MA_APL2015.pdf
138,Model Answer of Vayavhaar Nyayadhish (Entry Level) Exam-2015 ,,-2209161600000,https://psc.cg.gov.in/pdf/Model_Answer/MA_CJ2015.pdf
139,Question Paper,,-2209161600000,https://psc.cg.gov.in/pdf/Model_Answer/QP_CJ2015.pdf
140,Amended Model Answer of State Service (Prelims) Exam-2015,,-2209161600000,https://psc.cg.gov.in/pdf/Model_Answer/AMA_SSPE2015.pdf
141,Amended Model Answer of Scientific Officer Exam-2015,,-2209161600000,https://psc.cg.gov.in/pdf/Model_Answer/AMA_SO2015.pdf
142,Model Answer of State Service (Prelims) Exam-2015,,-2209161600000,https://psc.cg.gov.in/pdf/Model_Answer/MA_SSPE2015.pdf
143,Model Answer of Scientific Officer Exam-2015,,-2209161600000,https://psc.cg.gov.in/pdf/Model_Answer/MA_SO2015.pdf
144,1. Question Paper-Anthropology ,,-2209161600000,https://psc.cg.gov.in/pdf/Model_Answer/QP_SO/Anthropology.pdf
145,2. Question Paper-Bio Chemistry,,-2209161600000,https://psc.cg.gov.in/pdf/Model_Answer/QP_SO/Biochemistry.pdf
146,3. Question Paper-Bio Technology,,-2209161600000,https://psc.cg.gov.in/pdf/Model_Answer/QP_SO/Biotechnology.pdf
147,4. Question Paper-Botany,,-2209161600000,https://psc.cg.gov.in/pdf/Model_Answer/QP_SO/Botany.pdf
148,5. Question Paper-Chemistry,,-2209161600000,https://psc.cg.gov.in/pdf/Model_Answer/QP_SO/Chemistry.pdf
149,6. Question Paper-Electronics,,-2209161600000,https://psc.cg.gov.in/pdf/Model_Answer/QP_SO/Electronics.pdf
150,7. Question Paper-Forensic Biology Forensic Serology,,-2209161600000,https://psc.cg.gov.in/pdf/Model_Answer/QP_SO/Forensic_Biology_Forensic_Serology.pdf
151,8. Question Paper-Forensic Chemistry Forensic Toxicology,,-2209161600000,https://psc.cg.gov.in/pdf/Model_Answer/QP_SO/Forensic_Chemistry_Forensic_Toxicology.pdf
152,9. Question Paper-Forensic Physics Forensic Ballistics ,,-2209161600000,https://psc.cg.gov.in/pdf/Model_Answer/QP_SO/Forensic_Physics_Forensic_Ballistics.pdf
153,10. Question Paper-Microbiology,,-2209161600000,https://psc.cg.gov.in/pdf/Model_Answer/QP_SO/Microbiology.pdf
,11. Question Paper-Physics,,-2209161600000,https://psc.cg.gov.in/pdf/Model_Answer/QP_SO/Physics.pdf
154,12. Question Paper-Zoology,,-2209161600000,https://psc.cg.gov.in/pdf/Model_Answer/QP_SO/Zoology.pdf
,"Amended Model Answer of Assistant Director, Horticulture Exam-2014, Boiler Inspector Exam-2015",,-2209161600000,https://psc.cg.gov.in/pdf/Model_Answer/Amend_MA_BI2015_ADH2014.pdf
155,"Model Answer of Assistant Director, Horticulture Exam-2014, Boiler Inspector Exam-2015 || Question Paper - Assistant Director, Horticulture Exam-2014 || Question Paper -Boiler Inspector Exam-2015 ",,-2209161600000,https://psc.cg.gov.in/pdf/Model_Answer/MA_BI2015_ADH2014.pdf
156,"Question Paper - Assistant Director, Horticulture Exam-2014",,-2209161600000,https://psc.cg.gov.in/pdf/Model_Answer/QP_ADH2014.pdf
157,Question Paper -Boiler Inspector Exam-2017,,-2209161600000,https://psc.cg.gov.in/pdf/Model_Answer/QP_BI2015.pdf
,Amended Model Answer of State Engineering Service Exam-2014,,-2209161600000,https://psc.cg.gov.in/pdf/Model_Answer/Amend_MA_SES2014.pdf
,Amended Model Answer of State Service (Prelims) Exam-2014 ,,-2209161600000,https://psc.cg.gov.in/pdf/Model_Answer/Amend_MA_SSPE_2014.pdf
,Model Answer of State Service (Prelims) Exam-2014 ,,-2209161600000,https://psc.cg.gov.in/pdf/Model_Answer/MA_SSPE_2014.pdf
,Model Answer of State Engineering Servicel Exam-2014,,-2209161600000,https://psc.cg.gov.in/pdf/Model_Answer/MA_SES2014.pdf
158, Question Paper - General Studies(Electrical + Mechanical) ,,-2209161600000,https://psc.cg.gov.in/pdf/Model_Answer/QP_GS_ME.pdf
159,Question Paper - General Studies(Agriculture + Civil) ,,-2209161600000,https://psc.cg.gov.in/pdf/Model_Answer/QP_GS_AC.pdf
,Question Paper -Electrical Engineering Part-I,,-2209161600000,https://psc.cg.gov.in/pdf/Model_Answer/QP_Electrical_I.pdf
,Question Paper -Electrical Engineering Part-II,,-2209161600000,https://psc.cg.gov.in/pdf/Model_Answer/QP_Electrical_II.pdf
160,Question Paper -Mechanical Engineering Part-I ,,-2209161600000,https://psc.cg.gov.in/pdf/Model_Answer/QP_Mechanical_I.pdf
161,Question Paper-Mechanical Engineering Part-II ,,-2209161600000,https://psc.cg.gov.in/pdf/Model_Answer/QP_Mechanical_II.pdf
162,Question Paper -Agriculture Engineering Part-I ,,-2209161600000,https://psc.cg.gov.in/pdf/Model_Answer/QP_AG_I.pdf
163,Question Paper-Agriculture Engineering Part-II,,-2209161600000,https://psc.cg.gov.in/pdf/Model_Answer/QP_AG_II.pdf
164,Question Paper -Civil Engineering Part-I ,,-2209161600000,https://psc.cg.gov.in/pdf/Model_Answer/QP_Civil_I.pdf
165,Question Paper-Civil Engineering Part-II ,,-2209161600000,https://psc.cg.gov.in/pdf/Model_Answer/QP_Civil_II.pdf
166,Amended Model Answer of Granthpal Exam-2013 ,,-2209161600000,https://psc.cg.gov.in/pdf/Model_Answer/Amend_MA_Lib2013.pdf
167,"Amended Model Answer of Assistant Director, Industrial Health & Safety Exam-2014 and Assistant Director (Planning, Research, Survey) Exam-2013",,-2209161600000,https://psc.cg.gov.in/pdf/Model_Answer/AMEND_MA_ADIHS_PRS2014.pdf
168,"Amended Model Answer of Registrar, Deputy Registrar, Assistant Registrar Exam-2014 and Assistant Director, Jansampark Exam-2014",,-2209161600000,https://psc.cg.gov.in/pdf/Model_Answer/AMEND_MA_RDA_ADJ2014.pdf
169,"Amended Model Answer of Mining Officer and Mining Inspector Exam-2014 and Assistant Research Officer, Assistant Planning Officer, Assistant Public Relation Officer Exam-2014",,-2209161600000,https://psc.cg.gov.in/pdf/Model_Answer/Amend_MA_MIMO_AROAPOAPRO2014.pdf
170,Model Answer of Granthpal Exam-2013 ,,-2209161600000,https://psc.cg.gov.in/pdf/Model_Answer/MA_Lib2013.pdf
171,Question Paper - General Studies ,,-2209161600000,https://psc.cg.gov.in/pdf/Model_Answer/QP_LIB2013_01.pdf
172,Question Paper -Library and Inforamtion Science ,,-2209161600000,https://psc.cg.gov.in/pdf/Model_Answer/QP_LIB2013_02.pdf
173,"Model Answer of Assistant Director (Planning, Research & Survey) Exam-2014 and Assistant Director Industrial Health & Safety Exam 2014",,-2209161600000,https://psc.cg.gov.in/pdf/Model_Answer/MA_ADIHS_ADPRS2014.pdf
174, Question Paper - General Studies and Aptitude Test ,,-2209161600000,https://psc.cg.gov.in/pdf/Model_Answer/QP_ADIHS_ADPRS2014.pdf
175,"Model Answer of Registrar, Deputy Registrar, Assistant Registrar Exam-2014 and Assistant Director Jansampark Exam 2014 ",,-2209161600000,https://psc.cg.gov.in/pdf/Model_Answer/MA_RDAADJ2014.pdf
176, Question Paper - General Studies ,,-2209161600000,https://psc.cg.gov.in/pdf/Model_Answer/QP_RDAADJGS2014.pdf
177,Question Paper - Aptitude Test ,,-2209161600000,https://psc.cg.gov.in/pdf/Model_Answer/QP_RDAADJAT2014.pdf
178,Amended Model Answer of State Service (Prelims) Exam-2013 ,,-2209161600000,https://psc.cg.gov.in/pdf/Model_Answer/Amend_MA_SSPE2013.pdf
179,Amended Model Answer of ABEO Exam-2013,,-2209161600000,https://psc.cg.gov.in/pdf/Model_Answer/Amend_MA_ABEO2013.pdf
,Model Answer of Mining Officer and Mining Inspector Exam-2014 ,,-2209161600000,https://psc.cg.gov.in/pdf/Model_Answer/MA_MIMO2014.pdf
,Question Paper- General Studies ,,-2209161600000,https://psc.cg.gov.in/pdf/Model_Answer/QP_MIMOGS2014.pdf
,Question Paper- Mining Inspector - Geology ,,-2209161600000,https://psc.cg.gov.in/pdf/Model_Answer/QP_MIGEO2014.pdf
,Question Paper- Mining Officer - Geology ,,-2209161600000,https://psc.cg.gov.in/pdf/Model_Answer/QP_MOGEO2014.pdf
,"Model Answer of ARO, APO, APRO Exam-2014 ",,-2209161600000,https://psc.cg.gov.in/pdf/Model_Answer/MA_AROAPOAPRO2014.pdf
,Question Paper - General Studies ,,-2209161600000,https://psc.cg.gov.in/pdf/Model_Answer/QP_AROAPOAPROGS2014.pdf
,Question Paper - Aptitude Test ,,-2209161600000,https://psc.cg.gov.in/pdf/Model_Answer/QP_AROAPOAT2014.pdf
,Amended Model Answer of Civil Judge (Entry Level) Exam-2014 ,,-2209161600000,https://psc.cg.gov.in/pdf/Model_Answer/Amend_MA_CJ2014.pdf
,Model Answer of Civil Judge (Entry Level) Exam-2014,,-2209161600000,https://psc.cg.gov.in/pdf/Model_Answer/MA_CJ2014.pdf
,QUESTION PAPER ,,-2209161600000,https://psc.cg.gov.in/pdf/Model_Answer/QP_CJ2014.pdf
,Model Answer of State Service (Prelims) Exam-2013 ,,-2209161600000,https://psc.cg.gov.in/pdf/Model_Answer/MA_SSPE_2013.pdf
,Model Answer of ABEO Exam -2013 ,,-2209161600000,https://psc.cg.gov.in/pdf/Model_Answer/MA_ABEO.PDF
,"Amended Model Answer of Exam held on 29 September 2013 (Assistant Director Agriculture-2012, Veterinary Assistant Surgeon-2012, Assistant Director Fishries-2013 )",,-2209161600000,https://psc.cg.gov.in/pdf/Model_Answer/AMA_29.PDF
,Amended Model Answer of Sahayak Jila Lok Abhiyojan Adhikari (ADPPO) Exam -2013,,-2209161600000,https://psc.cg.gov.in/pdf/Model_Answer/AMEN_MA_ADPPO13.PDF
,Amended Model Answer of Sahayak Niyantrak Naap Taul Exam -2011,,-2209161600000,https://psc.cg.gov.in/pdf/Model_Answer/AMEN_MA_ACNT11.PDF
,"Model Answer of Exam held on 29 September 2013 (Assistant Director Agriculture-2012, Veterinary Assistant Surgeon-2012, Assistant Director Fishries-2013 )",,-2209161600000,https://psc.cg.gov.in/pdf/Model_Answer/MA_29.PDF
,List of Suvidha Kendra,,-2209161600000,https://psc.cg.gov.in/pdf/Model_Answer/lst_sk.pdf
,Model Answer of Sahayak Jila Lok Abhiyojan Adhikari (ADPPO) Exam -2013,,-2209161600000,https://psc.cg.gov.in/pdf/Model_Answer/MA_ADPPO13.PDF
,List of Suvidha Kendra,,-2209161600000,https://psc.cg.gov.in/pdf/Model_Answer/lst_sk.pdf
,Amended Model Answer of State Service Prelims Exam -2012,,-2209161600000,https://psc.cg.gov.in/pdf/Model_Answer/AMEND_MA_SSEP2012.PDF
,Amended Model Answer of State Service Mains Exam -2011,,-2209161600000,https://psc.cg.gov.in/pdf/Model_Answer/AMEND_MA_SSEM2011.PDF
,Model Answer of Assistant Controller- Naap Taul Exam-2011 : Instruction for Online Objections ,,-2209161600000,https://psc.cg.gov.in/pdf/Model_Answer/MA_ACNT2013.PDF
,GS,,-2209161600000,https://psc.cg.gov.in/pdf/Model_Answer/01.PDF
,PHYSICS,,-2209161600000,https://psc.cg.gov.in/pdf/Model_Answer/02.PDF
,List of Suvidha Kendra,,-2209161600000,https://psc.cg.gov.in/pdf/Model_Answer/lst_sk.pdf
,Click here for Online Objection (From 12 Sep 2013 to 27 Sep 2013),,-2209161600000,https://www.mponline.gov.in/Portal/Examinations/CGPSC/Forms/Objection/FormEntry.aspx
,Click here to Check Application Status ,,-2209161600000,http://www.mponline.gov.in/Portal/Examinations/CGPSC/Forms/objection/FormUnPaid.aspx
,Click here for Duplicate Receipt ,,-2209161600000,http://www.mponline.gov.in/Portal/Examinations/CGPSC/Forms/objection/FormPaid.aspx
,Model Answer of State Service Exam (Prelims)-2012,,-2209161600000,https://psc.cg.gov.in/pdf/Model_Answer/MA_SSEP2012.PDF
,"Model Answer of State Service Mains Exam -2011 (Subject Code- 11, 19, 20, 26 & 27 ) ",,-2209161600000,https://psc.cg.gov.in/pdf/Model_Answer/MA_SSME_2011_1.pdf
,"Subject Code- 05,07,13,21,23,24 & 25 ",,-2209161600000,https://psc.cg.gov.in/pdf/Model_Answer/MA_SSME_2011_2.pdf
,"Subject Code- 01, 02, 03, 04, 06, 08, 09, 10, 12, 14, 15, 16, 17, 18, 22 ",,-2209161600000,https://psc.cg.gov.in/pdf/Model_Answer/MA_SSME_2011_3.pdf
,Instruction for Online Objection,,-2209161600000,https://psc.cg.gov.in/pdf/Model_Answer/ins_ma.pdf
,List of Suvidha Kendra,,-2209161600000,https://psc.cg.gov.in/pdf/Model_Answer/lst_sk.pdf
,Amended Model Answer of State Service Exam (Prelims) -2011,,-2209161600000,https://psc.cg.gov.in/pdf/Model_Answer/AMEND_MA_SSEP2011.PDF
,Amended Model Answer of State Service Mains Exam -2008,,-2209161600000,https://psc.cg.gov.in/pdf/Model_Answer/AMEND_MA_SSEM2008.PDF
,Model Answer of State Service Exam (Prelims)-2011,,-2209161600000,https://psc.cg.gov.in/pdf/Model_Answer/MA_SSEP2011.PDF
,Model Answer of State Service Mains Exam -2008 (Subject Code- 26 & 27) ,,-2209161600000,https://psc.cg.gov.in/pdf/Model_Answer/MA_SSME_2008_26_27.pdf
,Subject Code- 01 to 25,,-2209161600000,https://psc.cg.gov.in/pdf/Model_Answer/MA_SSME_2008_01_to_25.pdf
,Model Answer of Assistant Director (Haathkargha)Exam-2011,,-2209161600000,https://psc.cg.gov.in/pdf/Model_Answer/MA_ad_h.pdf
,Model Answer of Sahayak Bhaumiki Vid Exam-2011,,-2209161600000,https://psc.cg.gov.in/pdf/Model_Answer/MA_SBV.pdf
,Model Answer of Mining Inspector Exam-2010,,-2209161600000,https://psc.cg.gov.in/pdf/Model_Answer/MA_MI.pdf
,Model Answer of Chief Municipal Officer Varg 'KHA' & 'GA' Exam-2010,,-2209161600000,https://psc.cg.gov.in/pdf/Model_Answer/MA_CMO.pdf
,Model Answer of Assistant Director-Industrial Health and Safety Exam-2008,,-2209161600000,https://psc.cg.gov.in/pdf/Model_Answer/MA_ADIHS.pdf
,Correct Model Answer of Asst. Professor Exam-2009 (Hindi And Chemistery),,-2209161600000,https://psc.cg.gov.in/pdf/Model_Answer/MA_AP_2009_01_14.pdf
,Model Answer Asst. Professor Exam 2009 ,,-2209161600000,https://psc.cg.gov.in/pdf/Model_Answer/MA_AP09.pdf
,Model Answer Drug Inspector Exam 2008 ,,-2209161600000,https://psc.cg.gov.in/pdf/Model_Answer/MA_%20DRUGINSPECTOR.pdf
,Model Answer Food Inspector,,-2209161600000,https://psc.cg.gov.in/pdf/Model_Answer/Modal_Answer_FI.pdf
,Ayurvedic Medical Officer Exam - 2008,,-2209161600000,https://psc.cg.gov.in/pdf/Model_Answer/Model_Answer_Amo_2008.pdf
,State Service Exam (Pre) - 2008,,-2209161600000,https://psc.cg.gov.in/pdf/Model_Answer/psc-2008.pdf
,DPO,,-2209161600000,https://psc.cg.gov.in/pdf/Model_Answer/DPO_Model_Answer.pdf
,State Forest Services ,,-2209161600000,https://psc.cg.gov.in/pdf/Model_Answer/Forest_Model_Answer.pdf
,ADPPO-Revised,,-2209161600000,https://psc.cg.gov.in/pdf/Model_Answer/ADPPO_Revised_Model_Answer.pdf
,ADPPO,,-2209161600000,https://psc.cg.gov.in/pdf/Model_Answer/ADPPO_Model_Answer.pdf
,AE-Revised,,-2209161600000,https://psc.cg.gov.in/pdf/Model_Answer/AECivil_Revised_Model_Answer.pdf
,AE,,-2209161600000,https://psc.cg.gov.in/pdf/Model_Answer/AECivil_Model_Answer.pdf
,Jail Supretendent,,-2209161600000,https://psc.cg.gov.in/pdf/Model_Answer/JS_Model_Answer.pdf
